    {
	"Changes": [
 {    
     "Logname": "Rodney Scarecrows",
      "Action": "EditData",
      "Target": "Data/BigCraftables",
      "Entries": {
        "WWWA.RodneyBeachOutfitScarecrow": 
        {
          "Name": "WWWA.RodneyBeachOutfitScarecrow",
          "DisplayName": "{{i18n:WWWA.RodneyBeachOutfitScarecrow}}",
          "Description": "{{i18n:WWWA.RodneyBeachOutfitScarecrow.Description}}",
          "Type": "Crafting",
          "Category": -9,
          "ExcludeFromRandomSale": true,
          "ExcludeFromShippingCollection": true,
          "Price": 2500,
          "Fragility": 0,
          "CanBePlacedOutdoors": true,
          "CanBePlacedIndoors": true,
          "IsLamp": false,
          "Texture": "{{InternalAssetKey: Assets/Items/Scarecrows/RodneyBeachOutfitScarecrow.png}}",
          "SpriteIndex": 0,
          "ContextTags": [
            "crow_scare"
          ]
        },
        "WWWA.RodneyCosplayScarecrow": 
        {
          "Name": "WWWA.RodneyCosplayScarecrow",
          "DisplayName": "{{i18n:WWWA.RodneyCosplayScarecrow}}",
          "Description": "{{i18n:WWWA.RodneyCosplayScarecrow.Description}}",
          "Type": "Crafting",
          "Category": -9,
          "ExcludeFromRandomSale": true,
          "ExcludeFromShippingCollection": true,
          "Price": 2500,
          "Fragility": 0,
          "CanBePlacedOutdoors": true,
          "CanBePlacedIndoors": true,
          "IsLamp": false,
          "Texture": "{{InternalAssetKey: Assets/Items/Scarecrows/RodneyCosplayScarecrow.png}}",
          "SpriteIndex": 0,
          "ContextTags": [
            "crow_scare"
          ]
        },
        "WWWA.RodneyEggFestivalScarecrow": 
        {
          "Name": "WWWA.RodneyEggFestivalScarecrow",
          "DisplayName": "{{i18n:WWWA.RodneyEggFestivalScarecrow}}",
          "Description": "{{i18n:WWWA.RodneyEggFestivalScarecrow.Description}}",
          "Type": "Crafting",
          "Category": -9,
          "ExcludeFromRandomSale": true,
          "ExcludeFromShippingCollection": true,
          "Price": 2500,
          "Fragility": 0,
          "CanBePlacedOutdoors": true,
          "CanBePlacedIndoors": true,
          "IsLamp": false,
          "Texture": "{{InternalAssetKey: Assets/Items/Scarecrows/RodneyEggFestivalScarecrow.png}}",
          "SpriteIndex": 0,
          "ContextTags": [
            "crow_scare"
          ]
        },
        "WWWA.RodneySummerOutfitScarecrow": 
        {
          "Name": "WWWA.RodneySummerOutfitScarecrow",
          "DisplayName": "{{i18n:WWWA.RodneySummerOutfitScarecrow}}",
          "Description": "{{i18n:WWWA.RodneySummerOutfitScarecrow.Description}}",
          "Type": "Crafting",
          "Category": -9,
          "ExcludeFromRandomSale": true,
          "ExcludeFromShippingCollection": true,
          "Price": 2500,
          "Fragility": 0,
          "CanBePlacedOutdoors": true,
          "CanBePlacedIndoors": true,
          "IsLamp": false,
          "Texture": "{{InternalAssetKey: Assets/Items/Scarecrows/RodneySummerOutfitScarecrow.png}}",
          "SpriteIndex": 0,
          "ContextTags": [
            "crow_scare"
          ]
        },
        "WWWA.RodneyWinterStarScarecrow": 
        {
          "Name": "WWWA.RodneyWinterStarScarecrow",
          "DisplayName": "{{i18n:WWWA.RodneyWinterStarScarecrow}}",
          "Description": "{{i18n:WWWA.RodneyWinterStarScarecrow.Description}}",
          "Type": "Crafting",
          "Category": -9,
          "ExcludeFromRandomSale": true,
          "ExcludeFromShippingCollection": true,
          "Price": 2500,
          "Fragility": 0,
          "CanBePlacedOutdoors": true,
          "CanBePlacedIndoors": true,
          "IsLamp": false,
          "Texture": "{{InternalAssetKey: Assets/Items/Scarecrows/RodneyWinterStarScarecrow.png}}",
          "SpriteIndex": 0,
          "ContextTags": [
            "crow_scare"
          ]
        },

      }
    },
    {
            "Logname": "Rodney Objects (Books & Autographs)",
            "Action": "EditData",
            "Target": "Data/Objects",
            "Entries": {
                "WWWA.AutographedPhoto": 
                {
                    "Name": "WWWA.AutographedPhoto",
                    "Displayname": "{{i18n:WWWA.AutographedPhoto}}",
                    "Description": "{{i18n:WWWA.AutographedPhoto.Description}}",
                    "Type": "Fish",
                    "Edibility": -300,
                    "Category": -20,
                    "Price": 10,
                    "Texture": "{{InternalAssetKey: Assets/Items/Autographs/AnAutographedPhoto.png}}",
                    "SpriteIndex": 0
                },
                "WWWA.GenuineAutograph": 
                {
                    "Name": "WWWA.GenuineAutograph",
                    "Displayname": "{{i18n:WWWA.GenuineAutograph}}",
                    "Description": "{{i18n:WWWA.GenuineAutograph.Description}}",
                    "Type": "Gem",
                    "Edibility": -300,
                    "Category": -2,
                    "Price": 8000,
                    "Texture": "{{InternalAssetKey: Assets/Items/Autographs/AGenuineAutograph.png}}",
                    "SpriteIndex": 0
                },
                "WWWA.Book.ArcanaCatcherPrunus":
                {
                    "Name": "WWWA.Book.ArcanaCatcherPrunus",
                    "Displayname": "{{i18n:WWWA.Book.ArcanaCatcherPrunus}}",
                    "Description": "{{i18n:WWWA.Book.ArcanaCatcherPrunus.Description}}",
                    "Type": "asdf",
                    "Edibility": -300,
                    "Price": 500,
                    "Texture": "{{InternalAssetKey: Assets/Items/Books/ArcanaCatcherPrunus.png}}",
                    "SpriteIndex": 0
                },
                "WWWA.Book.ArtifactOrCutlery":
                {
                    "Name": "WWWA.Book.ArtifactOrCutlery",
                    "Displayname": "{{i18n:WWWA.Book.ArtifactOrCutlery}}",
                    "Description": "{{i18n:WWWA.Book.ArtifactOrCutlery.Description}}",
                    "Type": "asdf",
                    "Edibility": -300,
                    "Price": 500,
                    "Texture": "{{InternalAssetKey: Assets/Items/Books/ArtifactOrCutlery.png}}",
                    "SpriteIndex": 0
                },
                "WWWA.Book.CrabsAndWhyIHateThem":
                {
                    "Name": "WWWA.Book.CrabsAndWhyIHateThem",
                    "Displayname": "{{i18n:WWWA.Book.CrabsAndWhyIHateThem}}",
                    "Description": "{{i18n:WWWA.Book.CrabsAndWhyIHateThem.Description}}",
                    "Type": "asdf",
                    "Edibility": -300,
                    "Price": 500,
                    "Texture": "{{InternalAssetKey: Assets/Items/Books/CrabsAndWhyIHateThem.png}}",
                    "SpriteIndex": 0
                },
                "WWWA.Book.DeferenceArlington":
                {
                    "Name": "WWWA.Book.DeferenceArlington",
                    "Displayname": "{{i18n:WWWA.Book.DeferenceArlington}}",
                    "Description": "{{i18n:WWWA.Book.DeferenceArlington.Description}}",
                    "Type": "asdf",
                    "Edibility": -300,
                    "Price": 500,
                    "Texture": "{{InternalAssetKey: Assets/Items/Books/DeferenceArlington.png}}",
                    "SpriteIndex": 0
                },
                "WWWA.Book.FishingForDumbDumbs":
                {
                    "Name": "WWWA.Book.FishingForDumbDumbs",
                    "Displayname": "{{i18n:WWWA.Book.FishingForDumbDumbs}}",
                    "Description": "{{i18n:WWWA.Book.FishingForDumbDumbs.Description}}",
                    "Type": "asdf",
                    "Edibility": -300,
                    "Price": 500,
                    "Texture": "{{InternalAssetKey: Assets/Items/Books/FishingForDumbDumbs.png}}",
                    "SpriteIndex": 0
                },
                "WWWA.Book.GettingChicksToLoveYou":
                {
                    "Name": "WWWA.Book.GettingChicksToLoveYou",
                    "Displayname": "{{i18n:WWWA.Book.GettingChicksToLoveYou}}",
                    "Description": "{{i18n:WWWA.Book.GettingChicksToLoveYou.Description}}",
                    "Type": "asdf",
                    "Edibility": -300,
                    "Price": 500,
                    "Texture": "{{InternalAssetKey: Assets/Items/Books/GettingChicksToLoveYou.png}}",
                    "SpriteIndex": 0
                },
                "WWWA.Book.Goblins":
                {
                    "Name": "WWWA.Book.Goblins",
                    "Displayname": "{{i18n:WWWA.Book.Goblins}}",
                    "Description": "{{i18n:WWWA.Book.Goblins.Description}}",
                    "Type": "asdf",
                    "Edibility": -300,
                    "Price": 500,
                    "Texture": "{{InternalAssetKey: Assets/Items/Books/Goblins.png}}",
                    "SpriteIndex": 0
                },
                "WWWA.Book.GuideToSculptingWithGold":
                {
                    "Name": "WWWA.Book.GuideToSculptingWithGold",
                    "Displayname": "{{i18n:WWWA.Book.GuideToSculptingWithGold}}",
                    "Description": "{{i18n:WWWA.Book.GuideToSculptingWithGold.Description}}",
                    "Type": "asdf",
                    "Edibility": -300,
                    "Price": 500,
                    "Texture": "{{InternalAssetKey: Assets/Items/Books/GuideToSculptingWithGold.png}}",
                    "SpriteIndex": 0
                },
                "WWWA.Book.HerpetologyOfFerngill":
                {
                    "Name": "WWWA.Book.HerpetologyOfFerngill",
                    "Displayname": "{{i18n:WWWA.Book.HerpetologyOfFerngill}}",
                    "Description": "{{i18n:WWWA.Book.HerpetologyOfFerngill.Description}}",
                    "Type": "asdf",
                    "Edibility": -300,
                    "Price": 500,
                    "Texture": "{{InternalAssetKey: Assets/Items/Books/HerpetologyOfFerngill.png}}",
                    "SpriteIndex": 0
                },
                "WWWA.Book.LunarkinTrollTales":
                {
                    "Name": "WWWA.Book.LunarkinTrollTales",
                    "Displayname": "{{i18n:WWWA.Book.LunarkinTrollTales}}",
                    "Description": "{{i18n:WWWA.Book.LunarkinTrollTales.Description}}",
                    "Type": "asdf",
                    "Edibility": -300,
                    "Price": 500,
                    "Texture": "{{InternalAssetKey: Assets/Items/Books/LunarkinTrollTales.png}}",
                    "SpriteIndex": 0
                },
                "WWWA.Book.MysteriesOfTheDwarves":
                {
                    "Name": "WWWA.Book.MysteriesOfTheDwarves",
                    "Displayname": "{{i18n:WWWA.Book.MysteriesOfTheDwarves}}",
                    "Description": "{{i18n:WWWA.Book.MysteriesOfTheDwarves.Description}}",
                    "Type": "asdf",
                    "Edibility": -300,
                    "Price": 500,
                    "Texture": "{{InternalAssetKey: Assets/Items/Books/MysteriesOfTheDwarves.png}}",
                    "SpriteIndex": 0
                },
                "WWWA.Book.PepperRexes":
                {
                    "Name": "WWWA.Book.PepperRexes",
                    "Displayname": "{{i18n:WWWA.Book.PepperRexes}}",
                    "Description": "{{i18n:WWWA.Book.PepperRexes.Description}}",
                    "Type": "asdf",
                    "Edibility": -300,
                    "Price": 500,
                    "Texture": "{{InternalAssetKey: Assets/Items/Books/PepperRexes.png}}",
                    "SpriteIndex": 0
                },
                "WWWA.Book.TheBookOfYoba":
                {
                    "Name": "WWWA.Book.TheBookOfYoba",
                    "Displayname": "{{i18n:WWWA.Book.TheBookOfYoba}}",
                    "Description": "{{i18n:WWWA.Book.TheBookOfYoba.Description}}",
                    "Type": "asdf",
                    "Edibility": -300,
                    "Price": 500,
                    "Texture": "{{InternalAssetKey: Assets/Items/Books/TheBookOfYoba.png}}",
                    "SpriteIndex": 0
                },
                "WWWA.Book.TheGreatBookOfSlimes":
                {
                    "Name": "WWWA.Book.TheGreatBookOfSlimes",
                    "Displayname": "{{i18n:WWWA.Book.TheGreatBookOfSlimes}}",
                    "Description": "{{i18n:WWWA.Book.TheGreatBookOfSlimes.Description}}",
                    "Type": "asdf",
                    "Edibility": -300,
                    "Price": 500,
                    "Texture": "{{InternalAssetKey: Assets/Items/Books/TheGreatBookOfSlimes.png}}",
                    "SpriteIndex": 0
                },
                "WWWA.Book.TheGreatTomeOfMayo":
                {
                    "Name": "WWWA.Book.TheGreatTomeOfMayo",
                    "Displayname": "{{i18n:WWWA.Book.TheGreatTomeOfMayo}}",
                    "Description": "{{i18n:WWWA.Book.TheGreatTomeOfMayo.Description}}",
                    "Type": "asdf",
                    "Edibility": -300,
                    "Price": 500,
                    "Texture": "{{InternalAssetKey: Assets/Items/Books/TheGreatTomeOfMayo.png}}",
                    "SpriteIndex": 0
                },
                "WWWA.Book.TheJojaConspiracy":
                {
                    "Name": "WWWA.Book.TheJojaConspiracy",
                    "Displayname": "{{i18n:WWWA.Book.TheJojaConspiracy}}",
                    "Description": "{{i18n:WWWA.Book.TheJojaConspiracy.Description}}",
                    "Type": "asdf",
                    "Edibility": -300,
                    "Price": 500,
                    "Texture": "{{InternalAssetKey: Assets/Items/Books/TheJojaConspiracy.png}}",
                    "SpriteIndex": 0
                },
                "WWWA.Book.TheTarotRevealed":
                {
                    "Name": "WWWA.Book.TheTarotRevealed",
                    "Displayname": "{{i18n:WWWA.Book.TheTarotRevealed}}",
                    "Description": "{{i18n:WWWA.Book.TheTarotRevealed.Description}}",
                    "Type": "asdf",
                    "Edibility": -300,
                    "Price": 500,
                    "Texture": "{{InternalAssetKey: Assets/Items/Books/TheTarotRevealed.png}}",
                    "SpriteIndex": 0
                },
                "WWWA.Book.WhyPepperRexesAreTheBest":
                {
                    "Name": "WWWA.Book.WhyPepperRexesAreTheBest",
                    "Displayname": "{{i18n:WWWA.Book.WhyPepperRexesAreTheBest}}",
                    "Description": "{{i18n:WWWA.Book.WhyPepperRexesAreTheBest.Description}}",
                    "Type": "asdf",
                    "Edibility": -300,
                    "Price": 500,
                    "Texture": "{{InternalAssetKey: Assets/Items/Books/WhyPepperRexesAreTheBest.png}}",
                    "SpriteIndex": 0
                },

                },
    },

        {
            "Logname": "Rodney Hats",
            "Action": "EditData",
            "Target": "Data/hats",
            "Entries": {
                "WWWA.PrunusCrown": "WWWA.PrunusCrown/{{i18n:WWWA.PrunusCrown.Description}}/false/true//{{i18n:WWWA.PrunusCrown}}/0/Mods\\TheFrenchDodo\\PrunusCrown",
                "WWWA.EggHat": "WWWA.EggHat/{{i18n:WWWA.EggHat.Description}}/false/true//{{i18n:WWWA.EggHat}}/0/Mods\\TheFrenchDodo\\EggHat",
                "WWWA.PinkSummerHat": "WWWA.PinkSummerHat/{{i18n:WWWA.PinkSummerHat.Description}}/false/true//{{i18n:WWWA.PinkSummerHat}}/0/Mods\\TheFrenchDodo\\PinkSummerHat",
            }
        },
        {
            "Logname": "Rodney Prunus Crown loading",
            "Action": "Load",
            "Target": "Mods\\TheFrenchDodo\\PrunusCrown",
            "FromFile": "Assets/Items/Hats/PrunusCrown.png"
        },
        {
            "Logname": "Rodney Egg hat loading",
            "Action": "Load",
            "Target": "Mods\\TheFrenchDodo\\EggHat",
            "FromFile": "Assets/Items/Hats/EggHat.png"
        },
        {
            "Logname": "Rodney Pink Summer Hat loading",
            "Action": "Load",
            "Target": "Mods\\TheFrenchDodo\\PinkSummerHat",
            "FromFile": "Assets/Items/Hats/PinkSummerHat.png"
        },
    	]
}