﻿{
        "Changes": [
                {
                        "LogName": "Dialogue",
                        "Action": "EditData",
                        "Target": "Characters/Dialogue/RodneyOBrien",
                        "Entries": {
                                "Introduction": "{{i18n:Introduction}}",
                                "spring_1": "{{i18n:spring_1}}",
                                "spring_Mon": "{{i18n:spring_Mon}}",
                                "spring_Mon2": "{{i18n:spring_Mon2}}",
                                "spring_Mon4": "{{i18n:spring_Mon4}}",
                                "spring_Mon6": "{{i18n:spring_Mon6}}",
                                "spring_Mon8": "{{i18n:spring_Mon8}}",
                                "spring_Mon10": "{{i18n:spring_Mon10.{{RomanticRodney}}}}",
                                "spring_Tue": "{{i18n:spring_Tue}}",
                                "spring_Tue2": "{{i18n:spring_Tue2}}",
                                "spring_Tue4": "{{i18n:spring_Tue4}}",
                                "spring_Tue6": "{{i18n:spring_Tue6}}",
                                "spring_Tue8": "{{i18n:spring_Tue8}}",
                                "spring_Tue10": "{{i18n:spring_Tue10.{{RomanticRodney}}}}",
                                "spring_Wed": "{{i18n:spring_Wed}}",
                                "tarot_yes": "{{i18n:tarot_yes}}",
                                "tarot_no": "{{i18n:tarot_no}}",
                                "tarot_followup": "{{i18n:tarot_followup}}",
                                "spring_Wed2": "{{i18n:spring_Wed2}}",
                                "spring_Wed4": "{{i18n:spring_Wed4}}",
                                "spring_Wed6": "{{i18n:spring_Wed6}}",
                                "spring_Wed8": "{{i18n:spring_Wed8}}",
                                "spring_Wed10": "{{i18n:spring_Wed10.{{RomanticRodney}}}}",
                                "spring_Thu": "{{i18n:spring_Thu}}",
                                "spring_Thu2": "{{i18n:spring_Thu2}}",
                                "spring_Thu4": "{{i18n:spring_Thu4}}",
                                "spring_Thu6": "{{i18n:spring_Thu6}}",
                                "spring_Thu8": "{{i18n:spring_Thu8}}",
                                "spring_Thu10": "{{i18n:spring_Thu10.{{RomanticRodney}}}}",
                                "spring_Fri": "{{i18n:spring_Fri}}",
                                "spring_Fri2": "{{i18n:spring_Fri2}}",
                                "spring_Fri4": "{{i18n:spring_Fri4}}",
                                "spring_Fri6": "{{i18n:spring_Fri6}}",
                                "spring_Fri8": "{{i18n:spring_Fri8}}",
                                "spring_Fri10": "{{i18n:spring_Fri10.{{RomanticRodney}}}}",
                                "spring_Sat": "{{WizardDialogue2}}",
                                "spring_Sat2": "{{WizardDialogue3}}",
                                "spring_Sat4": "{{i18n:spring_Sat4}}",
                                "spring_Sat6": "{{i18n:spring_Sat6}}",
                                "spring_Sat8": "{{i18n:spring_Sat8}}",
                                "spring_Sat10": "{{i18n:spring_Sat10.{{RomanticRodney}}}}",
                                "spring_Sun": "{{i18n:spring_Sun}}",
                                "spring_Sun2": "{{i18n:spring_Sun2}}",
                                "spring_Sun4": "{{i18n:spring_Sun4}}",
                                "spring_Sun6": "{{WizardDialogue1}}",
                                "spring_Sun8": "{{i18n:spring_Sun8}}",
                                "spring_Sun10": "{{i18n:spring_Sun10.{{RomanticRodney}}}}",
                                "summer_1": "{{i18n:summer_1}}",
                                "summer_Mon": "{{i18n:summer_Mon}}",
                                "summer_Mon2": "{{i18n:summer_Mon2}}",
                                "summer_Mon4": "{{i18n:summer_Mon4-1}}'{{i18n:summer_Mon4-2}}", //$y
                                "summer_Mon6": "{{i18n:summer_Mon6}}",
                                "summer_Mon8": "{{i18n:summer_Mon8}}",
                                "summer_Mon10": "{{i18n:summer_Mon10.{{RomanticRodney}}}}",
                                "summer_Tue": "{{i18n:summer_Tue}}",
                                "summer_Tue2": "{{i18n:summer_Tue2}}'", //$y
                                "summer_Tue4": "{{i18n:summer_Tue4}}",
                                "summer_Tue6": "{{i18n:summer_Tue6}}",
                                "summer_Tue8": "{{i18n:summer_Tue8}}",
                                "summer_Tue10": "{{i18n:summer_Tue10.{{RomanticRodney}}}}",
                                "summer_Wed": "{{i18n:summer_Wed}}",
                                "summer_Wed2": "{{i18n:summer_Wed2}}",
                                "summer_Wed4": "{{i18n:summer_Wed4}}",
                                "summer_Wed6": "{{i18n:summer_Wed6}}",
                                "summer_Wed8": "{{i18n:summer_Wed8}}",
                                "summer_Wed10": "{{i18n:summer_Wed10.{{RomanticRodney}}}}",
                                "summer_Thu": "{{i18n:summer_Thu}}",
                                "summer_Thu2": "{{i18n:summer_Thu2}}",
                                "summer_Thu4": "{{i18n:summer_Thu4}}",
                                "summer_Thu6": "{{i18n:summer_Thu6}}",
                                "summer_Thu8": "{{i18n:summer_Thu8}}",
                                "summer_Thu10": "{{i18n:summer_Thu10.{{RomanticRodney}}}}",
                                "summer_Fri": "{{i18n:summer_Fri}}'", //$y
                                "summer_Fri2": "{{i18n:summer_Fri2}}'", //$y
                                "summer_Fri4": "{{i18n:summer_Fri4}}",
                                "summer_Fri6": "{{i18n:summer_Fri6}}",
                                "summer_Fri8": "{{i18n:summer_Fri8}}",
                                "summer_Fri10": "{{i18n:summer_Fri10.{{RomanticRodney}}}}",
                                "summer_Sat": "{{i18n:summer_Sat}}",
                                "summer_Sat2": "{{i18n:summer_Sat2}}",
                                "summer_Sat4": "{{i18n:summer_Sat4}}",
                                "summer_Sat6": "{{i18n:summer_Sat6}}",
                                "summer_Sat8": "{{i18n:summer_Sat8}}",
                                "summer_Sat10": "{{i18n:summer_Sat10.{{RomanticRodney}}}}",
                                "summer_Sun": "{{i18n:summer_Sun}}",
                                "summer_Sun2": "{{i18n:summer_Sun2}}'", //$y
                                "summer_Sun4": "{{i18n:summer_Sun4}}'", //$y
                                "summer_Sun6": "{{i18n:summer_Sun6}}",
                                "summer_Sun8": "{{i18n:summer_Sun8}}",
                                "summer_Sun10": "{{i18n:summer_Sun10.{{RomanticRodney}}}}",
                                "fall_1": "{{i18n:fall_1}}",
                                "fall_Mon": "{{i18n:fall_Mon}}'", //$y
                                "fall_Mon2": "{{i18n:fall_Mon2}}",
                                "fall_Mon4": "{{i18n:fall_Mon4}}",
                                "fall_Mon6": "{{i18n:fall_Mon6}}'", //$y
                                "fall_Mon8": "{{i18n:fall_Mon8}}",
                                "fall_Mon10": "{{i18n:fall_Mon10.{{RomanticRodney}}}}",
                                "fall_Tue": "{{i18n:fall_Tue}}",
                                "fall_Tue2": "{{i18n:fall_Tue2}}",
                                "fall_Tue4": "{{i18n:fall_Tue4}}",
                                "fall_Tue6": "{{i18n:fall_Tue6}}",
                                "fall_Tue8": "{{i18n:fall_Tue8}}'", //$y
                                "fall_Tue10": "{{i18n:fall_Tue10.{{RomanticRodney}}}}",
                                "fall_Wed": "{{i18n:fall_Wed}}",
                                "fall_Wed2": "{{i18n:fall_Wed2}}",
                                "fall_Wed4": "{{i18n:fall_Wed4}}",
                                "fall_Wed6": "{{i18n:fall_Wed6}}",
                                "fall_Wed8": "{{i18n:fall_Wed8}}",
                                "fall_Wed10": "{{i18n:fall_Wed10.{{RomanticRodney}}}}",
                                "fall_Thu": "{{i18n:fall_Thu}}",
                                "fall_Thu2": "{{i18n:fall_Thu2}}",
                                "fall_Thu4": "{{i18n:fall_Thu4}}'", //$y
                                "fall_Thu6": "{{i18n:fall_Thu6}}",
                                "fall_Thu8": "{{i18n:fall_Thu8}}",
                                "fall_Thu10": "{{i18n:fall_Thu10.{{RomanticRodney}}}}",
                                "fall_Fri": "{{i18n:fall_Fri}}",
                                "fall_Fri2": "{{i18n:fall_Fri2}}",
                                "fall_Fri4": "{{i18n:fall_Fri4}}",
                                "fall_Fri6": "{{i18n:fall_Fri6}}",
                                "fall_Fri8": "{{i18n:fall_Fri8}}",
                                "fall_Fri10": "{{i18n:fall_Fri10.{{RomanticRodney}}}}",
                                "fall_Sat": "{{i18n:fall_Sat}}",
                                "fall_Sat2": "{{i18n:fall_Sat2}}",
                                "fall_Sat4": "{{i18n:fall_Sat4}}",
                                "fall_Sat6": "{{i18n:fall_Sat6}}",
                                "fall_Sat8": "{{i18n:fall_Sat8}}",
                                "fall_Sat10": "{{i18n:fall_Sat10.{{RomanticRodney}}}}'", //$y
                                "fall_Sun": "{{i18n:fall_Sun}}",
                                "fall_Sun2": "{{i18n:fall_Sun2}}",
                                "fall_Sun4": "{{i18n:fall_Sun4}}",
                                "fall_Sun6": "{{i18n:fall_Sun6}}",
                                "fall_Sun8": "{{i18n:fall_Sun8}}",
                                "fall_Sun10": "{{i18n:fall_Sun10.{{RomanticRodney}}}}'", //$y
                                "winter_1": "{{i18n:winter_1}}",
                                "winter_Mon": "{{i18n:winter_Mon}}",
                                "winter_Mon2": "{{i18n:winter_Mon2}}",
                                "winter_Mon4": "{{i18n:winter_Mon4}}",
                                "winter_Mon6": "{{i18n:winter_Mon6}}",
                                "winter_Mon8": "{{i18n:winter_Mon8}}",
                                "winter_Mon10": "{{i18n:winter_Mon10.{{RomanticRodney}}}}",
                                "winter_Tue": "{{i18n:winter_Tue}}",
                                "winter_Tue2": "{{i18n:winter_Tue2}}",
                                "winter_Tue4": "{{i18n:winter_Tue4}}",
                                "winter_Tue6": "{{i18n:winter_Tue6}}",
                                "winter_Tue8": "{{i18n:winter_Tue8}}",
                                "winter_Tue10": "{{i18n:winter_Tue10.{{RomanticRodney}}}}",
                                "winter_Wed": "{{i18n:winter_Wed}}",
                                "winter_Wed2": "{{i18n:winter_Wed2}}",
                                "winter_Wed4": "{{i18n:winter_Wed4}}",
                                "winter_Wed6": "{{i18n:winter_Wed6}}",
                                "winter_Wed8": "{{i18n:winter_Wed8}}",
                                "winter_Wed10": "{{i18n:winter_Wed10.{{RomanticRodney}}}}",
                                "winter_Thu": "{{i18n:winter_Thu}}",
                                "winter_Thu2": "{{i18n:winter_Thu2}}",
                                "winter_Thu4": "{{i18n:winter_Thu4}}",
                                "winter_Thu6": "{{i18n:winter_Thu6}}",
                                "winter_Thu8": "{{i18n:winter_Thu8}}",
                                "winter_Thu10": "{{i18n:winter_Thu10.{{RomanticRodney}}}}",
                                "winter_Fri": "{{i18n:winter_Fri}}",
                                "winter_Fri2": "{{i18n:winter_Fri2}}",
                                "winter_Fri4": "{{i18n:winter_Fri4}}",
                                "winter_Fri6": "{{i18n:winter_Fri6}}",
                                "winter_Fri8": "{{i18n:winter_Fri8}}",
                                "winter_Fri10": "{{i18n:winter_Fri10.{{RomanticRodney}}}}",
                                "winter_Sat": "{{i18n:winter_Sat}}",
                                "winter_Sat2": "{{i18n:winter_Sat2}}",
                                "winter_Sat4": "{{i18n:winter_Sat4}}",
                                "winter_Sat6": "{{i18n:winter_Sat6}}",
                                "winter_Sat8": "{{i18n:winter_Sat8}}",
                                "winter_Sat10": "{{i18n:winter_Sat10.{{RomanticRodney}}}}",
                                "winter_Sun": "{{i18n:winter_Sun}}",
                                "winter_Sun2": "{{i18n:winter_Sun2}}",
                                "winter_Sun4": "{{i18n:winter_Sun4}}",
                                "winter_Sun6": "{{i18n:winter_Sun6}}",
                                "winter_Sun8": "{{i18n:winter_Sun8}}",
                                "winter_Sun10": "{{i18n:winter_Sun10.{{RomanticRodney}}}}",
                                "spring_12": "{{i18n:spring_12}}",
                                "spring_23": "{{i18n:spring_23}}",
                                "summer_10": "{{i18n:summer_10}}",
                                "summer_27": "{{i18n:summer_27}}",
                                "fall_7": "{{i18n:fall_7}}",
                                "fall_15": "{{i18n:fall_15}}",
                                "fall_26": "{{i18n:fall_26}}",
                                "winter_7": "{{i18n:winter_7}}",
                                "winter_24": "{{i18n:winter_24}}",
                                "fall_5": "{{i18n:fall_5}}",
                                "summer_3": "{{i18n:summer_3}}",
                                "fall_18": "{{i18n:fall_18}}",
                                "Resort_Entering": "{{i18n:Resort_Entering}}",
                                "Resort_Leaving": "{{i18n:Resort_Leaving}}",
                                "Resort_Shore": "{{i18n:Resort_Shore}}",
                                "Resort_Umbrella": "{{i18n:Resort_Umbrella}}",
                                "Resort_Wander": "{{i18n:Resort_Wander}}",
                                "Resort_Chair": "{{i18n:Resort_Chair}}",
                                "Resort_Bar": "{{i18n:Resort_Bar}}",
                                "Resort": "{{i18n:Resort}}",
                                "give_flowersA": "{{i18n:give_flowersA}}",
                                "give_flowersB": "{{i18n:give_flowersB}}",
                                "give_pendant": "{{i18n:give_pendant}}",
                                "RejectItem_(O)460": "{{i18n:pendant_reject}}",
                                "RejectItem_(O)458": "{{i18n:bouquet_reject}}",
                                "DumpsterDiveComment": "{{i18n:Rodney.DumpsterDiveComment}}",
                                "HitBySlingshot": "{{i18n:Rodney.HitBySlingshot}}"
                        },
                },
        ]
}
//quickquestion  $y 'QUESTION_PLAYER ANSWER1_NPC ANSWER 1_PLAYER ANSWER2_NPC ANSWER2'