{
    "Changes": [ 
        {   "LogName": "Gift tastes for custom items",
            "Action": "EditData",
            "Target": "Data/NPCGiftTastes",
            "TextOperations": [
                {
                    "Operation": "Append",
                    "Target": ["Entries", "Universal_Like"],
                    "Value": "WWWA.Book.ArcanaCatcherPrunus WWWA.Book.ArtifactOrCutlery WWWA.Book.CrabsAndWhyIHateThem WWWA.Book.DeferenceArlington WWWA.Book.FishingForDumbDumbs WWWA.Book.GettingChicksToLoveYou WWWA.Book.Goblins WWWA.Book.GuideToSculptingWithGold WWWA.Book.HerpetologyOfFerngill WWWA.Book.LunarkinTrollTales WWWA.Book.MysteriesOfTheDwarves WWWA.Book.PepperRexes WWWA.Book.TheBookOfYoba WWWA.Book.TheGreatBookOfSlimes WWWA.Book.TheGreatTomeOfMayo WWWA.Book.TheJojaConspiracy WWWA.Book.TheTarotRevealed WWWA.Book.WhyPepperRexesAreTheBest",
                    "Delimiter": " ", // if there are already values, add a space between them and the new one
                },
                {
                    "Operation": "Append",
                    "Target": [ "Entries", "Universal_Love" ],
                    "Value": "WWWA.GenuineAutograph",
                    "Delimiter": " ",
                },
               {
                    "Operation": "Append",
                    "Target": ["Entries", "Universal_hate"],
                    "Value": "WWWA.AutographedPhoto",
                    "Delimiter": " ",
                }, 
                //AutographedPhoto gift tastes
                //Love
                { //Barron
                    "Operation": "Append",
                    "Target": [ "Fields", "FC.Barron", 1 ],
                    "Value": "WWWA.AutographedPhoto",
                    "Delimiter": " ",
                    "When": { "HasMod": "Fellowclown.AND", },
                },
                { //
                    "Operation": "Append",
                    "Target": [ "Fields", "SenS", 1 ],
                    "Value": "WWWA.AutographedPhoto",
                    "Delimiter": " ",
                    "When": { "HasMod": "7thAxis.DitR.CP", },
                },
                { //
                    "Operation": "Append",
                    "Target": [ "Fields", "Hector", 1 ],
                    "Value": "WWWA.AutographedPhoto", 
                    "Delimiter": " ",
                    "When": { "HasMod": "DN.SnS.CP", },
                },
                { //
                    "Operation": "Append",
                    "Target": [ "Fields", "Mateo", 1 ],
                    "Value": "WWWA.AutographedPhoto",
                    "Delimiter": " ",
                    "When": { "HasMod": "DN.SnS.CP", },
                },
                //Like
                { //
                    "Operation": "Append",
                    "Target": [ "Fields", "Elliott", 3 ],
                    "Value": "WWWA.AutographedPhoto",
                    "Delimiter": " "
                },
                { //
                    "Operation": "Append",
                    "Target": [ "Fields", "Gus", 3 ],
                    "Value": "WWWA.AutographedPhoto",
                    "Delimiter": " "
                },
                { //
                    "Operation": "Append",
                    "Target": [ "Fields", "Gunther", 3 ],
                    "Value": "WWWA.AutographedPhoto",
                    "Delimiter": " "
                },
                { //
                    "Operation": "Append",
                    "Target": [ "Fields", "GuntherSilvian", 3 ],
                    "Value": "WWWA.AutographedPhoto",
                    "Delimiter": " ",
                    "When": { "HasMod": "FlashShifter.StardewValleyExpandedCP", },
                },
                { //
                    "Operation": "Append",
                    "Target": [ "Fields", "Leah", 3 ],
                    "Value": "WWWA.AutographedPhoto",
                    "Delimiter": " "
                },
                { //
                    "Operation": "Append",
                    "Target": [ "Fields", "OliverK", 3 ],
                    "Value": "WWWA.AutographedPhoto",
                    "Delimiter": " "
                },
                { //
                    "Operation": "Append",
                    "Target": [ "Fields", "Sophia", 3 ],
                    "Value": "WWWA.AutographedPhoto",
                    "Delimiter": " ",
                    "When": { "HasMod": "FlashShifter.StardewValleyExpandedCP", },
                },
                { //
                    "Operation": "Append",
                    "Target": [ "Fields", "Olivia", 3 ],
                    "Value": "WWWA.AutographedPhoto",
                    "Delimiter": " ",
                    "When": { "HasMod": "FlashShifter.StardewValleyExpandedCP", },
                },
                { //
                    "Operation": "Append",
                    "Target": [ "Fields", "Haley", 3 ],
                    "Value": "WWWA.AutographedPhoto",
                    "Delimiter": " "
                },
                { //
                    "Operation": "Append",
                    "Target": [ "Fields", "PlumForrest", 3 ],
                    "Value": "WWWA.AutographedPhoto",
                    "Delimiter": " ",
                    "When": { "HasMod": "AgentPhoenixCupcake.cp.PlumForrest", },
                },
                //Neutral
                { //
                    "Operation": "Append",
                    "Target": [ "Fields", "Nova.Dylan", 9 ],
                    "Value": "WWWA.AutographedPhoto",
                    "Delimiter": " ",
                    "When": { "HasMod": "TenebrousNova.EliDylan.CP", },
                },
                { //
                    "Operation": "Append",
                    "Target": [ "Fields", "Nova.Eli", 9 ],
                    "Value": "WWWA.AutographedPhoto",
                    "Delimiter": " ",
                    "When": { "HasMod": "TenebrousNova.EliDylan.CP", },
                },
                { //
                    "Operation": "Append",
                    "Target": [ "Fields", "VivienneLK", 9 ],
                    "Value": "WWWA.AutographedPhoto",
                    "Delimiter": " "
                },
                { //
                    "Operation": "Append",
                    "Target": [ "Fields", "Susan", 9 ],
                    "Value": "WWWA.AutographedPhoto",
                    "Delimiter": " ",
                    "When": { "HasMod": "FlashShifter.StardewValleyExpandedCP", },
                },
                //Dislike
                { //
                    "Operation": "Append",
                    "Target": [ "Fields", "Abigail", 5 ],
                    "Value": "WWWA.AutographedPhoto",
                    "Delimiter": " "
                },
                { //
                    "Operation": "Append",
                    "Target": [ "Fields", "Emily", 5 ],
                    "Value": "WWWA.AutographedPhoto",
                    "Delimiter": " "
                },
                { //
                    "Operation": "Append",
                    "Target": [ "Fields", "Evelyn", 5 ],
                    "Value": "WWWA.AutographedPhoto",
                    "Delimiter": " "
                },
                { //
                    "Operation": "Append",
                    "Target": [ "Fields", "George", 5 ],
                    "Value": "WWWA.AutographedPhoto",
                    "Delimiter": " "
                },
                { //
                    "Operation": "Append",
                    "Target": [ "Fields", "Harvey", 5 ],
                    "Value": "WWWA.AutographedPhoto",
                    "Delimiter": " "
                },
                { //
                    "Operation": "Append",
                    "Target": [ "Fields", "Shane", 5 ],
                    "Value": "WWWA.AutographedPhoto",
                    "Delimiter": " "
                },
                { //
                    "Operation": "Append",
                    "Target": [ "Fields", "Jas", 5 ],
                    "Value": "WWWA.AutographedPhoto",
                    "Delimiter": " "
                },
                { //
                    "Operation": "Append",
                    "Target": [ "Fields", "Vincent", 5 ],
                    "Value": "WWWA.AutographedPhoto",
                    "Delimiter": " "
                },
                { //
                    "Operation": "Append",
                    "Target": [ "Fields", "Alex", 5 ],
                    "Value": "WWWA.AutographedPhoto",
                    "Delimiter": " "
                },
                { //
                    "Operation": "Append",
                    "Target": [ "Fields", "Caroline", 5 ],
                    "Value": "WWWA.AutographedPhoto",
                    "Delimiter": " "
                },
                { //
                    "Operation": "Append",
                    "Target": [ "Fields", "Willy", 5 ],
                    "Value": "WWWA.AutographedPhoto",
                    "Delimiter": " "
                },
                { //
                    "Operation": "Append",
                    "Target": [ "Fields", "Linus", 5 ],
                    "Value": "WWWA.AutographedPhoto",
                    "Delimiter": " "
                },
                { //
                    "Operation": "Append",
                    "Target": [ "Fields", "Jodi", 5 ],
                    "Value": "WWWA.AutographedPhoto",
                    "Delimiter": " "
                },
                { //
                    "Operation": "Append",
                    "Target": [ "Fields", "Kent", 5 ],
                    "Value": "WWWA.AutographedPhoto",
                    "Delimiter": " "
                },
                { //
                    "Operation": "Append",
                    "Target": [ "Fields", "Krobus", 5 ],
                    "Value": "WWWA.AutographedPhoto",
                    "Delimiter": " "
                },
                { //
                    "Operation": "Append",
                    "Target": [ "Fields", "Marnie", 5 ],
                    "Value": "WWWA.AutographedPhoto",
                    "Delimiter": " "
                },
                { //
                    "Operation": "Append",
                    "Target": [ "Fields", "Maru", 5 ],
                    "Value": "WWWA.AutographedPhoto",
                    "Delimiter": " "
                },
                { //
                    "Operation": "Append",
                    "Target": [ "Fields", "Penny", 5 ],
                    "Value": "WWWA.AutographedPhoto",
                    "Delimiter": " "
                },
                { //
                    "Operation": "Append",
                    "Target": [ "Fields", "Pierre", 5 ],
                    "Value": "WWWA.AutographedPhoto",
                    "Delimiter": " "
                },
                { //
                    "Operation": "Append",
                    "Target": [ "Fields", "Robin", 5 ],
                    "Value": "WWWA.AutographedPhoto",
                    "Delimiter": " "
                },
                { //
                    "Operation": "Append",
                    "Target": [ "Fields", "Sam", 5 ],
                    "Value": "WWWA.AutographedPhoto",
                    "Delimiter": " "
                },
                { //
                    "Operation": "Append",
                    "Target": [ "Fields", "Sandy", 5 ],
                    "Value": "WWWA.AutographedPhoto",
                    "Delimiter": " "
                },
                { //
                    "Operation": "Append",
                    "Target": [ "Fields", "Leo", 5 ],
                    "Value": "WWWA.AutographedPhoto",
                    "Delimiter": " "
                },
                { //
                    "Operation": "Append",
                    "Target": [ "Fields", "Apples", 5 ],
                    "Value": "WWWA.AutographedPhoto",
                    "Delimiter": " ",
                    "When": { "HasMod": "FlashShifter.StardewValleyExpandedCP", },
                },
                //Genuine autograph gift tastes
                //Like
                { //Barron
                    "Operation": "Append",
                    "Target": [ "Fields", "PlumForrest", 3 ],
                    "Value": "WWWA.GenuineAutograph",
                    "Delimiter": " ",
                    "When": { "HasMod": "AgentPhoenixCupcake.cp.PlumForrest", },
                },
                { //
                    "Operation": "Append",
                    "Target": [ "Fields", "OliverK", 3 ],
                    "Value": "WWWA.GenuineAutograph",
                    "Delimiter": " "
                },
                //neutral
                { //
                    "Operation": "Append",
                    "Target": [ "Fields", "VivienneLK", 9 ],
                    "Value": "WWWA.GenuineAutograph",
                    "Delimiter": " "
                },
                { //
                    "Operation": "Append",
                    "Target": [ "Fields", "Susan", 9 ],
                    "Value": "WWWA.GenuineAutograph",
                    "Delimiter": " ",
                    "When": { "HasMod": "FlashShifter.StardewValleyExpandedCP", },
                },
                //BOOKS GIFT TASTES 
                //ArcanaCatcherPrunus
                //Love
                { //
                    "Operation": "Append",
                    "Target": [ "Fields", "SenS", 1 ],
                    "Value": "WWWA.Book.ArcanaCatcherPrunus",
                    "Delimiter": " ",
                    "When": { "HasMod": "7thAxis.DitR.CP", }
                },
                { //
                    "Operation": "Append",
                    "Target": [ "Fields", "Haley", 1 ],
                    "Value": "WWWA.Book.ArcanaCatcherPrunus",
                    "Delimiter": " ",
                },
                { //
                    "Operation": "Append",
                    "Target": [ "Fields", "MeredithOBrien", 1 ],
                    "Value": "WWWA.Book.ArcanaCatcherPrunus",
                    "Delimiter": " ",
                },
                { //
                    "Operation": "Append",
                    "Target": [ "Fields", "Maru", 1 ],
                    "Value": "WWWA.Book.ArcanaCatcherPrunus",
                    "Delimiter": " ",
                },
                { //
                    "Operation": "Append",
                    "Target": [ "Fields", "OliverK", 1 ],
                    "Value": "WWWA.Book.ArcanaCatcherPrunus",
                    "Delimiter": " ",
                },
                //Neutral
                { //
                    "Operation": "Append",
                    "Target": [ "Fields", "Gunnar", 9 ],
                    "Value": "WWWA.Book.ArcanaCatcherPrunus",
                    "Delimiter": " ",
                    "When": { "HasMod": "MadDog.HashtagBearFam", },
                },
                { //
                    "Operation": "Append",
                    "Target": [ "Fields", "Sig", 9 ],
                    "Value": "WWWA.Book.ArcanaCatcherPrunus",
                    "Delimiter": " ",
                    "When": { "HasMod": "MadDog.HashtagBearFam", },
                },
                { //
                    "Operation": "Append",
                    "Target": [ "Fields", "Dwarf", 9 ],
                    "Value": "WWWA.Book.ArcanaCatcherPrunus",
                    "Delimiter": " ",
                },
                //Dislike 
                { //
                    "Operation": "Append",
                    "Target": [ "Fields", "EdwinaOBrien", 5 ],
                    "Value": "WWWA.Book.ArcanaCatcherPrunus",
                    "Delimiter": " ",
                },
                { //
                    "Operation": "Append",
                    "Target": [ "Fields", "RodneyOBrien", 5 ],
                    "Value": "WWWA.Book.ArcanaCatcherPrunus",
                    "Delimiter": " ",
                },
                //Hate 
                { //
                    "Operation": "Append",
                    "Target": [ "Fields", "Wizard", 7 ],
                    "Value": "WWWA.Book.ArcanaCatcherPrunus",
                    "Delimiter": " ",
                },
                { //
                    "Operation": "Append",
                    "Target": [ "Fields", "Lewis", 7 ],
                    "Value": "WWWA.Book.ArcanaCatcherPrunus",
                    "Delimiter": " ",
                },
                { //
                    "Operation": "Append",
                    "Target": [ "Fields", "Clint", 7 ],
                    "Value": "WWWA.Book.ArcanaCatcherPrunus",
                    "Delimiter": " ",
                },
                { //
                    "Operation": "Append",
                    "Target": [ "Fields", "Pam", 7 ],
                    "Value": "WWWA.Book.ArcanaCatcherPrunus",
                    "Delimiter": " ",
                },
                { //
                    "Operation": "Append",
                    "Target": [ "Fields", "Demetrius", 7 ],
                    "Value": "WWWA.Book.ArcanaCatcherPrunus",
                    "Delimiter": " ",
                },
                { //
                    "Operation": "Append",
                    "Target": [ "Fields", "MarlonFey", 7 ],
                    "Value": "WWWA.Book.ArcanaCatcherPrunus",
                    "Delimiter": " ",
                    "When": { "HasMod": "FlashShifter.StardewValleyExpandedCP", },
                },
                { //
                    "Operation": "Append",
                    "Target": [ "Fields", "Andy", 7 ],
                    "Value": "WWWA.Book.ArcanaCatcherPrunus",
                    "Delimiter": " ",
                    "When": { 
                        "HasMod": "FlashShifter.StardewValleyExpandedCP", 
                    },
                },
                { //
                    "Operation": "Append",
                    "Target": [ "Fields", "Victor", 7 ],
                    "Value": "WWWA.Book.ArcanaCatcherPrunus",
                    "Delimiter": " ",
                    "When": { "HasMod": "FlashShifter.StardewValleyExpandedCP", },
                },
                { //
                    "Operation": "Append",
                    "Target": [ "Fields", "Lance", 7 ],
                    "Value": "WWWA.Book.ArcanaCatcherPrunus",
                    "Delimiter": " ",
                    "When": { "HasMod": "FlashShifter.StardewValleyExpandedCP", },
                },
            ]
        },
    ]
}

/* 
1 = Love
3 = Like
5 = dislike
7 = hate
9 = neutral

                {
                    "Operation": "Append",
                    "Target": [
                    "Fields",
                    "*****NPC_ID*****",
                    1 //1= loves, change to target specific field in NPCGiftTastes for other tiers
                            ],
                    "Value": "******Item_ID Item_ID Item_ID Item_ID (etc)*****",
                    "Delimiter": " "
                },


*/